subNum,login
LA13012,SOBC-00092
LA13272,SOBC-00043
LA14016,NA
MV00878,SOBC-00064
MV00962,NA
MV00992,SOBC-00037
MV01113,SOBC-00101
MV01438,SOBC-00045
MV01836,NA
MV01950,SOBC-00055
MV04661,SOBC-00089
MV05158,SOBC-00009
MV05953,SOBC-00003
MV06084,SOBC-00019
MV06904,NA
MV07296,NA
MV07303,SOBC-00062
MV07572,SOBC-00083
MV07647,SOBC-00061
MV08032,SOBC-00107
MV08112,SOBC-00115
MV08176,SOBC-00047
MV08645,SOBC-00046
MV08712,SOBC-00021
MV08866,SOBC-00026
MV09122,SOBC-00044
MV09305,SOBC-00108
MV09434,SOBC-00032
MV09441,NA
MV09560,SOBC-00050
MV09586,SOBC-00065
MV09876,SOBC-00085
MV11065,SOBC-00073
MV11133,SOBC-00067
MV11135,SOBC-00025
MV11150,SOBC-00070
MV11202,SOBC-00068
PA20147,NA
PA21728,SOBC-00051
PA21991,SOBC-00038
PA22014,SOBC-00034
PA22518,SOBC-00109
PA22544,SOBC-00052
PA22561,SOBC-00069
PA22568,SOBC-00111
PA22594,SOBC-00056
PA22725,SOBC-00088
PA22728,NA
PA22772,SOBC-00076
PA23284,SOBC-00048
PA23955,SOBC-00103
PA24195,SOBC-00020
PA24326,SOBC-00060
PA24603,SOBC-00114
PA24859,SOBC-00113
PA24876,NA
PA25084,SOBC-00116
PA25119,SOBC-00097
PA25306,SOBC-00072
PA25642,SOBC-00011
PA25692,SOBC-00028
PA25870,SOBC-00098
PA25894,NA
PA25960,SOBC-00096
PA25994,SOBC-00024
PA26039,SOBC-00023
PA26203,SOBC-00066
PA26376,NA
PA26623,NA
PA26650,SOBC-00015
PA26904,NA
PA27040,SOBC-00004
PA27394,SOBC-00014
PA27432,NA
PA27434,SOBC-00010
PA27493,NA
PA27541,SOBC-00040
PA27578,SOBC-00012
PA27784,SOBC-00054
PA27793,NA
PA27962,SOBC-00033
PA27995,SOBC-00042
PA28033,SOBC-00030
PA28219,NA
PA28336,SOBC-00084
PA28460,SOBC-00016
PA28464,SOBC-00002
PA28564,SOBC-00078
PA28985,SOBC-00094
PA28989,SOBC-00099
PA29385,SOBC-00090
PA29661,SOBC-00091
PA29685,SOBC-00022
PA29689,SOBC-00077
PA30071,SOBC-00031
PA30104,NA
PA30563,SOBC-00001
PA30677,SOBC-00112
PA30861,SOBC-00093
PA30862,SOBC-00105
PA30895,SOBC-00057
PA30973,SOBC-00118
SU30700,SOBC-00100
SU30734,SOBC-00079
SU30816,NA
SU31067,NA
SU33550,SOBC-00110
SU35282,SOBC-00102